DateKey;Date;Day;Month;MonthShort;MonthNo;Quarter;Year
20230101;niedziela, 1 styczeń 2023;Sunday;January;Jan;1;1;2023
20230102;poniedziałek, 2 styczeń 2023;Monday;January;Jan;1;1;2023
20230103;wtorek, 3 styczeń 2023;Tuesday;January;Jan;1;1;2023
20230104;środa, 4 styczeń 2023;Wednesday;January;Jan;1;1;2023
20230105;czwartek, 5 styczeń 2023;Thursday;January;Jan;1;1;2023
20230106;piątek, 6 styczeń 2023;Friday;January;Jan;1;1;2023
20230107;sobota, 7 styczeń 2023;Saturday;January;Jan;1;1;2023
20230108;niedziela, 8 styczeń 2023;Sunday;January;Jan;1;1;2023
20230109;poniedziałek, 9 styczeń 2023;Monday;January;Jan;1;1;2023
20230110;wtorek, 10 styczeń 2023;Tuesday;January;Jan;1;1;2023
20230111;środa, 11 styczeń 2023;Wednesday;January;Jan;1;1;2023
20230112;czwartek, 12 styczeń 2023;Thursday;January;Jan;1;1;2023
20230113;piątek, 13 styczeń 2023;Friday;January;Jan;1;1;2023
20230114;sobota, 14 styczeń 2023;Saturday;January;Jan;1;1;2023
20230115;niedziela, 15 styczeń 2023;Sunday;January;Jan;1;1;2023
20230116;poniedziałek, 16 styczeń 2023;Monday;January;Jan;1;1;2023
20230117;wtorek, 17 styczeń 2023;Tuesday;January;Jan;1;1;2023
20230118;środa, 18 styczeń 2023;Wednesday;January;Jan;1;1;2023
20230119;czwartek, 19 styczeń 2023;Thursday;January;Jan;1;1;2023
20230120;piątek, 20 styczeń 2023;Friday;January;Jan;1;1;2023
20230121;sobota, 21 styczeń 2023;Saturday;January;Jan;1;1;2023
20230122;niedziela, 22 styczeń 2023;Sunday;January;Jan;1;1;2023
20230123;poniedziałek, 23 styczeń 2023;Monday;January;Jan;1;1;2023
20230124;wtorek, 24 styczeń 2023;Tuesday;January;Jan;1;1;2023
20230125;środa, 25 styczeń 2023;Wednesday;January;Jan;1;1;2023
20230126;czwartek, 26 styczeń 2023;Thursday;January;Jan;1;1;2023
20230127;piątek, 27 styczeń 2023;Friday;January;Jan;1;1;2023
20230128;sobota, 28 styczeń 2023;Saturday;January;Jan;1;1;2023
20230129;niedziela, 29 styczeń 2023;Sunday;January;Jan;1;1;2023
20230130;poniedziałek, 30 styczeń 2023;Monday;January;Jan;1;1;2023
20230131;wtorek, 31 styczeń 2023;Tuesday;January;Jan;1;1;2023
20230201;środa, 1 luty 2023;Wednesday;February;Feb;2;1;2023
20230202;czwartek, 2 luty 2023;Thursday;February;Feb;2;1;2023
20230203;piątek, 3 luty 2023;Friday;February;Feb;2;1;2023
20230204;sobota, 4 luty 2023;Saturday;February;Feb;2;1;2023
20230205;niedziela, 5 luty 2023;Sunday;February;Feb;2;1;2023
20230206;poniedziałek, 6 luty 2023;Monday;February;Feb;2;1;2023
20230207;wtorek, 7 luty 2023;Tuesday;February;Feb;2;1;2023
20230208;środa, 8 luty 2023;Wednesday;February;Feb;2;1;2023
20230209;czwartek, 9 luty 2023;Thursday;February;Feb;2;1;2023
20230210;piątek, 10 luty 2023;Friday;February;Feb;2;1;2023
20230211;sobota, 11 luty 2023;Saturday;February;Feb;2;1;2023
20230212;niedziela, 12 luty 2023;Sunday;February;Feb;2;1;2023
20230213;poniedziałek, 13 luty 2023;Monday;February;Feb;2;1;2023
20230214;wtorek, 14 luty 2023;Tuesday;February;Feb;2;1;2023
20230215;środa, 15 luty 2023;Wednesday;February;Feb;2;1;2023
20230216;czwartek, 16 luty 2023;Thursday;February;Feb;2;1;2023
20230217;piątek, 17 luty 2023;Friday;February;Feb;2;1;2023
20230218;sobota, 18 luty 2023;Saturday;February;Feb;2;1;2023
20230219;niedziela, 19 luty 2023;Sunday;February;Feb;2;1;2023
20230220;poniedziałek, 20 luty 2023;Monday;February;Feb;2;1;2023
20230221;wtorek, 21 luty 2023;Tuesday;February;Feb;2;1;2023
20230222;środa, 22 luty 2023;Wednesday;February;Feb;2;1;2023
20230223;czwartek, 23 luty 2023;Thursday;February;Feb;2;1;2023
20230224;piątek, 24 luty 2023;Friday;February;Feb;2;1;2023
20230225;sobota, 25 luty 2023;Saturday;February;Feb;2;1;2023
20230226;niedziela, 26 luty 2023;Sunday;February;Feb;2;1;2023
20230227;poniedziałek, 27 luty 2023;Monday;February;Feb;2;1;2023
20230228;wtorek, 28 luty 2023;Tuesday;February;Feb;2;1;2023
20230301;środa, 1 marzec 2023;Wednesday;March;Mar;3;1;2023
20230302;czwartek, 2 marzec 2023;Thursday;March;Mar;3;1;2023
20230303;piątek, 3 marzec 2023;Friday;March;Mar;3;1;2023
20230304;sobota, 4 marzec 2023;Saturday;March;Mar;3;1;2023
20230305;niedziela, 5 marzec 2023;Sunday;March;Mar;3;1;2023
20230306;poniedziałek, 6 marzec 2023;Monday;March;Mar;3;1;2023
20230307;wtorek, 7 marzec 2023;Tuesday;March;Mar;3;1;2023
20230308;środa, 8 marzec 2023;Wednesday;March;Mar;3;1;2023
20230309;czwartek, 9 marzec 2023;Thursday;March;Mar;3;1;2023
20230310;piątek, 10 marzec 2023;Friday;March;Mar;3;1;2023
20230311;sobota, 11 marzec 2023;Saturday;March;Mar;3;1;2023
20230312;niedziela, 12 marzec 2023;Sunday;March;Mar;3;1;2023
20230313;poniedziałek, 13 marzec 2023;Monday;March;Mar;3;1;2023
20230314;wtorek, 14 marzec 2023;Tuesday;March;Mar;3;1;2023
20230315;środa, 15 marzec 2023;Wednesday;March;Mar;3;1;2023
20230316;czwartek, 16 marzec 2023;Thursday;March;Mar;3;1;2023
20230317;piątek, 17 marzec 2023;Friday;March;Mar;3;1;2023
20230318;sobota, 18 marzec 2023;Saturday;March;Mar;3;1;2023
20230319;niedziela, 19 marzec 2023;Sunday;March;Mar;3;1;2023
20230320;poniedziałek, 20 marzec 2023;Monday;March;Mar;3;1;2023
20230321;wtorek, 21 marzec 2023;Tuesday;March;Mar;3;1;2023
20230322;środa, 22 marzec 2023;Wednesday;March;Mar;3;1;2023
20230323;czwartek, 23 marzec 2023;Thursday;March;Mar;3;1;2023
20230324;piątek, 24 marzec 2023;Friday;March;Mar;3;1;2023
20230325;sobota, 25 marzec 2023;Saturday;March;Mar;3;1;2023
20230326;niedziela, 26 marzec 2023;Sunday;March;Mar;3;1;2023
20230327;poniedziałek, 27 marzec 2023;Monday;March;Mar;3;1;2023
20230328;wtorek, 28 marzec 2023;Tuesday;March;Mar;3;1;2023
20230329;środa, 29 marzec 2023;Wednesday;March;Mar;3;1;2023
20230330;czwartek, 30 marzec 2023;Thursday;March;Mar;3;1;2023
20230331;piątek, 31 marzec 2023;Friday;March;Mar;3;1;2023
20230401;sobota, 1 kwiecień 2023;Saturday;April;Apr;4;2;2023
20230402;niedziela, 2 kwiecień 2023;Sunday;April;Apr;4;2;2023
20230403;poniedziałek, 3 kwiecień 2023;Monday;April;Apr;4;2;2023
20230404;wtorek, 4 kwiecień 2023;Tuesday;April;Apr;4;2;2023
20230405;środa, 5 kwiecień 2023;Wednesday;April;Apr;4;2;2023
20230406;czwartek, 6 kwiecień 2023;Thursday;April;Apr;4;2;2023
20230407;piątek, 7 kwiecień 2023;Friday;April;Apr;4;2;2023
20230408;sobota, 8 kwiecień 2023;Saturday;April;Apr;4;2;2023
20230409;niedziela, 9 kwiecień 2023;Sunday;April;Apr;4;2;2023
20230410;poniedziałek, 10 kwiecień 2023;Monday;April;Apr;4;2;2023
20230411;wtorek, 11 kwiecień 2023;Tuesday;April;Apr;4;2;2023
20230412;środa, 12 kwiecień 2023;Wednesday;April;Apr;4;2;2023
20230413;czwartek, 13 kwiecień 2023;Thursday;April;Apr;4;2;2023
20230414;piątek, 14 kwiecień 2023;Friday;April;Apr;4;2;2023
20230415;sobota, 15 kwiecień 2023;Saturday;April;Apr;4;2;2023
20230416;niedziela, 16 kwiecień 2023;Sunday;April;Apr;4;2;2023
20230417;poniedziałek, 17 kwiecień 2023;Monday;April;Apr;4;2;2023
20230418;wtorek, 18 kwiecień 2023;Tuesday;April;Apr;4;2;2023
20230419;środa, 19 kwiecień 2023;Wednesday;April;Apr;4;2;2023
20230420;czwartek, 20 kwiecień 2023;Thursday;April;Apr;4;2;2023
20230421;piątek, 21 kwiecień 2023;Friday;April;Apr;4;2;2023
20230422;sobota, 22 kwiecień 2023;Saturday;April;Apr;4;2;2023
20230423;niedziela, 23 kwiecień 2023;Sunday;April;Apr;4;2;2023
20230424;poniedziałek, 24 kwiecień 2023;Monday;April;Apr;4;2;2023
20230425;wtorek, 25 kwiecień 2023;Tuesday;April;Apr;4;2;2023
20230426;środa, 26 kwiecień 2023;Wednesday;April;Apr;4;2;2023
20230427;czwartek, 27 kwiecień 2023;Thursday;April;Apr;4;2;2023
20230428;piątek, 28 kwiecień 2023;Friday;April;Apr;4;2;2023
20230429;sobota, 29 kwiecień 2023;Saturday;April;Apr;4;2;2023
20230430;niedziela, 30 kwiecień 2023;Sunday;April;Apr;4;2;2023
20230501;poniedziałek, 1 maj 2023;Monday;May;May;5;2;2023
20230502;wtorek, 2 maj 2023;Tuesday;May;May;5;2;2023
20230503;środa, 3 maj 2023;Wednesday;May;May;5;2;2023
20230504;czwartek, 4 maj 2023;Thursday;May;May;5;2;2023
20230505;piątek, 5 maj 2023;Friday;May;May;5;2;2023
20230506;sobota, 6 maj 2023;Saturday;May;May;5;2;2023
20230507;niedziela, 7 maj 2023;Sunday;May;May;5;2;2023
20230508;poniedziałek, 8 maj 2023;Monday;May;May;5;2;2023
20230509;wtorek, 9 maj 2023;Tuesday;May;May;5;2;2023
20230510;środa, 10 maj 2023;Wednesday;May;May;5;2;2023
20230511;czwartek, 11 maj 2023;Thursday;May;May;5;2;2023
20230512;piątek, 12 maj 2023;Friday;May;May;5;2;2023
20230513;sobota, 13 maj 2023;Saturday;May;May;5;2;2023
20230514;niedziela, 14 maj 2023;Sunday;May;May;5;2;2023
20230515;poniedziałek, 15 maj 2023;Monday;May;May;5;2;2023
20230516;wtorek, 16 maj 2023;Tuesday;May;May;5;2;2023
20230517;środa, 17 maj 2023;Wednesday;May;May;5;2;2023
20230518;czwartek, 18 maj 2023;Thursday;May;May;5;2;2023
20230519;piątek, 19 maj 2023;Friday;May;May;5;2;2023
20230520;sobota, 20 maj 2023;Saturday;May;May;5;2;2023
20230521;niedziela, 21 maj 2023;Sunday;May;May;5;2;2023
20230522;poniedziałek, 22 maj 2023;Monday;May;May;5;2;2023
20230523;wtorek, 23 maj 2023;Tuesday;May;May;5;2;2023
20230524;środa, 24 maj 2023;Wednesday;May;May;5;2;2023
20230525;czwartek, 25 maj 2023;Thursday;May;May;5;2;2023
20230526;piątek, 26 maj 2023;Friday;May;May;5;2;2023
20230527;sobota, 27 maj 2023;Saturday;May;May;5;2;2023
20230528;niedziela, 28 maj 2023;Sunday;May;May;5;2;2023
20230529;poniedziałek, 29 maj 2023;Monday;May;May;5;2;2023
20230530;wtorek, 30 maj 2023;Tuesday;May;May;5;2;2023
20230531;środa, 31 maj 2023;Wednesday;May;May;5;2;2023
20230601;czwartek, 1 czerwiec 2023;Thursday;June;Jun;6;2;2023
20230602;piątek, 2 czerwiec 2023;Friday;June;Jun;6;2;2023
20230603;sobota, 3 czerwiec 2023;Saturday;June;Jun;6;2;2023
20230604;niedziela, 4 czerwiec 2023;Sunday;June;Jun;6;2;2023
20230605;poniedziałek, 5 czerwiec 2023;Monday;June;Jun;6;2;2023
20230606;wtorek, 6 czerwiec 2023;Tuesday;June;Jun;6;2;2023
20230607;środa, 7 czerwiec 2023;Wednesday;June;Jun;6;2;2023
20230608;czwartek, 8 czerwiec 2023;Thursday;June;Jun;6;2;2023
20230609;piątek, 9 czerwiec 2023;Friday;June;Jun;6;2;2023
20230610;sobota, 10 czerwiec 2023;Saturday;June;Jun;6;2;2023
20230611;niedziela, 11 czerwiec 2023;Sunday;June;Jun;6;2;2023
20230612;poniedziałek, 12 czerwiec 2023;Monday;June;Jun;6;2;2023
20230613;wtorek, 13 czerwiec 2023;Tuesday;June;Jun;6;2;2023
20230614;środa, 14 czerwiec 2023;Wednesday;June;Jun;6;2;2023
20230615;czwartek, 15 czerwiec 2023;Thursday;June;Jun;6;2;2023
20230616;piątek, 16 czerwiec 2023;Friday;June;Jun;6;2;2023
20230617;sobota, 17 czerwiec 2023;Saturday;June;Jun;6;2;2023
20230618;niedziela, 18 czerwiec 2023;Sunday;June;Jun;6;2;2023
20230619;poniedziałek, 19 czerwiec 2023;Monday;June;Jun;6;2;2023
20230620;wtorek, 20 czerwiec 2023;Tuesday;June;Jun;6;2;2023
20230621;środa, 21 czerwiec 2023;Wednesday;June;Jun;6;2;2023
20230622;czwartek, 22 czerwiec 2023;Thursday;June;Jun;6;2;2023
20230623;piątek, 23 czerwiec 2023;Friday;June;Jun;6;2;2023
20230624;sobota, 24 czerwiec 2023;Saturday;June;Jun;6;2;2023
20230625;niedziela, 25 czerwiec 2023;Sunday;June;Jun;6;2;2023
20230626;poniedziałek, 26 czerwiec 2023;Monday;June;Jun;6;2;2023
20230627;wtorek, 27 czerwiec 2023;Tuesday;June;Jun;6;2;2023
20230628;środa, 28 czerwiec 2023;Wednesday;June;Jun;6;2;2023
20230629;czwartek, 29 czerwiec 2023;Thursday;June;Jun;6;2;2023
20230630;piątek, 30 czerwiec 2023;Friday;June;Jun;6;2;2023
20230701;sobota, 1 lipiec 2023;Saturday;July;Jul;7;3;2023
20230702;niedziela, 2 lipiec 2023;Sunday;July;Jul;7;3;2023
20230703;poniedziałek, 3 lipiec 2023;Monday;July;Jul;7;3;2023
20230704;wtorek, 4 lipiec 2023;Tuesday;July;Jul;7;3;2023
20230705;środa, 5 lipiec 2023;Wednesday;July;Jul;7;3;2023
20230706;czwartek, 6 lipiec 2023;Thursday;July;Jul;7;3;2023
20230707;piątek, 7 lipiec 2023;Friday;July;Jul;7;3;2023
20230708;sobota, 8 lipiec 2023;Saturday;July;Jul;7;3;2023
20230709;niedziela, 9 lipiec 2023;Sunday;July;Jul;7;3;2023
20230710;poniedziałek, 10 lipiec 2023;Monday;July;Jul;7;3;2023
20230711;wtorek, 11 lipiec 2023;Tuesday;July;Jul;7;3;2023
20230712;środa, 12 lipiec 2023;Wednesday;July;Jul;7;3;2023
20230713;czwartek, 13 lipiec 2023;Thursday;July;Jul;7;3;2023
20230714;piątek, 14 lipiec 2023;Friday;July;Jul;7;3;2023
20230715;sobota, 15 lipiec 2023;Saturday;July;Jul;7;3;2023
20230716;niedziela, 16 lipiec 2023;Sunday;July;Jul;7;3;2023
20230717;poniedziałek, 17 lipiec 2023;Monday;July;Jul;7;3;2023
20230718;wtorek, 18 lipiec 2023;Tuesday;July;Jul;7;3;2023
20230719;środa, 19 lipiec 2023;Wednesday;July;Jul;7;3;2023
20230720;czwartek, 20 lipiec 2023;Thursday;July;Jul;7;3;2023
20230721;piątek, 21 lipiec 2023;Friday;July;Jul;7;3;2023
20230722;sobota, 22 lipiec 2023;Saturday;July;Jul;7;3;2023
20230723;niedziela, 23 lipiec 2023;Sunday;July;Jul;7;3;2023
20230724;poniedziałek, 24 lipiec 2023;Monday;July;Jul;7;3;2023
20230725;wtorek, 25 lipiec 2023;Tuesday;July;Jul;7;3;2023
20230726;środa, 26 lipiec 2023;Wednesday;July;Jul;7;3;2023
20230727;czwartek, 27 lipiec 2023;Thursday;July;Jul;7;3;2023
20230728;piątek, 28 lipiec 2023;Friday;July;Jul;7;3;2023
20230729;sobota, 29 lipiec 2023;Saturday;July;Jul;7;3;2023
20230730;niedziela, 30 lipiec 2023;Sunday;July;Jul;7;3;2023
20230731;poniedziałek, 31 lipiec 2023;Monday;July;Jul;7;3;2023
20230801;wtorek, 1 sierpień 2023;Tuesday;August;Aug;8;3;2023
20230802;środa, 2 sierpień 2023;Wednesday;August;Aug;8;3;2023
20230803;czwartek, 3 sierpień 2023;Thursday;August;Aug;8;3;2023
20230804;piątek, 4 sierpień 2023;Friday;August;Aug;8;3;2023
20230805;sobota, 5 sierpień 2023;Saturday;August;Aug;8;3;2023
20230806;niedziela, 6 sierpień 2023;Sunday;August;Aug;8;3;2023
20230807;poniedziałek, 7 sierpień 2023;Monday;August;Aug;8;3;2023
20230808;wtorek, 8 sierpień 2023;Tuesday;August;Aug;8;3;2023
20230809;środa, 9 sierpień 2023;Wednesday;August;Aug;8;3;2023
20230810;czwartek, 10 sierpień 2023;Thursday;August;Aug;8;3;2023
20230811;piątek, 11 sierpień 2023;Friday;August;Aug;8;3;2023
20230812;sobota, 12 sierpień 2023;Saturday;August;Aug;8;3;2023
20230813;niedziela, 13 sierpień 2023;Sunday;August;Aug;8;3;2023
20230814;poniedziałek, 14 sierpień 2023;Monday;August;Aug;8;3;2023
20230815;wtorek, 15 sierpień 2023;Tuesday;August;Aug;8;3;2023
20230816;środa, 16 sierpień 2023;Wednesday;August;Aug;8;3;2023
20230817;czwartek, 17 sierpień 2023;Thursday;August;Aug;8;3;2023
20230818;piątek, 18 sierpień 2023;Friday;August;Aug;8;3;2023
20230819;sobota, 19 sierpień 2023;Saturday;August;Aug;8;3;2023
20230820;niedziela, 20 sierpień 2023;Sunday;August;Aug;8;3;2023
20230821;poniedziałek, 21 sierpień 2023;Monday;August;Aug;8;3;2023
20230822;wtorek, 22 sierpień 2023;Tuesday;August;Aug;8;3;2023
20230823;środa, 23 sierpień 2023;Wednesday;August;Aug;8;3;2023
20230824;czwartek, 24 sierpień 2023;Thursday;August;Aug;8;3;2023
20230825;piątek, 25 sierpień 2023;Friday;August;Aug;8;3;2023
20230826;sobota, 26 sierpień 2023;Saturday;August;Aug;8;3;2023
20230827;niedziela, 27 sierpień 2023;Sunday;August;Aug;8;3;2023
20230828;poniedziałek, 28 sierpień 2023;Monday;August;Aug;8;3;2023
20230829;wtorek, 29 sierpień 2023;Tuesday;August;Aug;8;3;2023
20230830;środa, 30 sierpień 2023;Wednesday;August;Aug;8;3;2023
20230831;czwartek, 31 sierpień 2023;Thursday;August;Aug;8;3;2023
20230901;piątek, 1 wrzesień 2023;Friday;September;Sep;9;3;2023
20230902;sobota, 2 wrzesień 2023;Saturday;September;Sep;9;3;2023
20230903;niedziela, 3 wrzesień 2023;Sunday;September;Sep;9;3;2023
20230904;poniedziałek, 4 wrzesień 2023;Monday;September;Sep;9;3;2023
20230905;wtorek, 5 wrzesień 2023;Tuesday;September;Sep;9;3;2023
20230906;środa, 6 wrzesień 2023;Wednesday;September;Sep;9;3;2023
20230907;czwartek, 7 wrzesień 2023;Thursday;September;Sep;9;3;2023
20230908;piątek, 8 wrzesień 2023;Friday;September;Sep;9;3;2023
20230909;sobota, 9 wrzesień 2023;Saturday;September;Sep;9;3;2023
20230910;niedziela, 10 wrzesień 2023;Sunday;September;Sep;9;3;2023
20230911;poniedziałek, 11 wrzesień 2023;Monday;September;Sep;9;3;2023
20230912;wtorek, 12 wrzesień 2023;Tuesday;September;Sep;9;3;2023
20230913;środa, 13 wrzesień 2023;Wednesday;September;Sep;9;3;2023
20230914;czwartek, 14 wrzesień 2023;Thursday;September;Sep;9;3;2023
20230915;piątek, 15 wrzesień 2023;Friday;September;Sep;9;3;2023
20230916;sobota, 16 wrzesień 2023;Saturday;September;Sep;9;3;2023
20230917;niedziela, 17 wrzesień 2023;Sunday;September;Sep;9;3;2023
20230918;poniedziałek, 18 wrzesień 2023;Monday;September;Sep;9;3;2023
20230919;wtorek, 19 wrzesień 2023;Tuesday;September;Sep;9;3;2023
20230920;środa, 20 wrzesień 2023;Wednesday;September;Sep;9;3;2023
20230921;czwartek, 21 wrzesień 2023;Thursday;September;Sep;9;3;2023
20230922;piątek, 22 wrzesień 2023;Friday;September;Sep;9;3;2023
20230923;sobota, 23 wrzesień 2023;Saturday;September;Sep;9;3;2023
20230924;niedziela, 24 wrzesień 2023;Sunday;September;Sep;9;3;2023
20230925;poniedziałek, 25 wrzesień 2023;Monday;September;Sep;9;3;2023
20230926;wtorek, 26 wrzesień 2023;Tuesday;September;Sep;9;3;2023
20230927;środa, 27 wrzesień 2023;Wednesday;September;Sep;9;3;2023
20230928;czwartek, 28 wrzesień 2023;Thursday;September;Sep;9;3;2023
20230929;piątek, 29 wrzesień 2023;Friday;September;Sep;9;3;2023
20230930;sobota, 30 wrzesień 2023;Saturday;September;Sep;9;3;2023
20231001;niedziela, 1 październik 2023;Sunday;October;Oct;10;4;2023
20231002;poniedziałek, 2 październik 2023;Monday;October;Oct;10;4;2023
20231003;wtorek, 3 październik 2023;Tuesday;October;Oct;10;4;2023
20231004;środa, 4 październik 2023;Wednesday;October;Oct;10;4;2023
20231005;czwartek, 5 październik 2023;Thursday;October;Oct;10;4;2023
20231006;piątek, 6 październik 2023;Friday;October;Oct;10;4;2023
20231007;sobota, 7 październik 2023;Saturday;October;Oct;10;4;2023
20231008;niedziela, 8 październik 2023;Sunday;October;Oct;10;4;2023
20231009;poniedziałek, 9 październik 2023;Monday;October;Oct;10;4;2023
20231010;wtorek, 10 październik 2023;Tuesday;October;Oct;10;4;2023
20231011;środa, 11 październik 2023;Wednesday;October;Oct;10;4;2023
20231012;czwartek, 12 październik 2023;Thursday;October;Oct;10;4;2023
20231013;piątek, 13 październik 2023;Friday;October;Oct;10;4;2023
20231014;sobota, 14 październik 2023;Saturday;October;Oct;10;4;2023
20231015;niedziela, 15 październik 2023;Sunday;October;Oct;10;4;2023
20231016;poniedziałek, 16 październik 2023;Monday;October;Oct;10;4;2023
20231017;wtorek, 17 październik 2023;Tuesday;October;Oct;10;4;2023
20231018;środa, 18 październik 2023;Wednesday;October;Oct;10;4;2023
20231019;czwartek, 19 październik 2023;Thursday;October;Oct;10;4;2023
20231020;piątek, 20 październik 2023;Friday;October;Oct;10;4;2023
20231021;sobota, 21 październik 2023;Saturday;October;Oct;10;4;2023
20231022;niedziela, 22 październik 2023;Sunday;October;Oct;10;4;2023
20231023;poniedziałek, 23 październik 2023;Monday;October;Oct;10;4;2023
20231024;wtorek, 24 październik 2023;Tuesday;October;Oct;10;4;2023
20231025;środa, 25 październik 2023;Wednesday;October;Oct;10;4;2023
20231026;czwartek, 26 październik 2023;Thursday;October;Oct;10;4;2023
20231027;piątek, 27 październik 2023;Friday;October;Oct;10;4;2023
20231028;sobota, 28 październik 2023;Saturday;October;Oct;10;4;2023
20231029;niedziela, 29 październik 2023;Sunday;October;Oct;10;4;2023
20231030;poniedziałek, 30 październik 2023;Monday;October;Oct;10;4;2023
20231031;wtorek, 31 październik 2023;Tuesday;October;Oct;10;4;2023
20231101;środa, 1 listopad 2023;Wednesday;November;Nov;11;4;2023
20231102;czwartek, 2 listopad 2023;Thursday;November;Nov;11;4;2023
20231103;piątek, 3 listopad 2023;Friday;November;Nov;11;4;2023
20231104;sobota, 4 listopad 2023;Saturday;November;Nov;11;4;2023
20231105;niedziela, 5 listopad 2023;Sunday;November;Nov;11;4;2023
20231106;poniedziałek, 6 listopad 2023;Monday;November;Nov;11;4;2023
20231107;wtorek, 7 listopad 2023;Tuesday;November;Nov;11;4;2023
20231108;środa, 8 listopad 2023;Wednesday;November;Nov;11;4;2023
20231109;czwartek, 9 listopad 2023;Thursday;November;Nov;11;4;2023
20231110;piątek, 10 listopad 2023;Friday;November;Nov;11;4;2023
20231111;sobota, 11 listopad 2023;Saturday;November;Nov;11;4;2023
20231112;niedziela, 12 listopad 2023;Sunday;November;Nov;11;4;2023
20231113;poniedziałek, 13 listopad 2023;Monday;November;Nov;11;4;2023
20231114;wtorek, 14 listopad 2023;Tuesday;November;Nov;11;4;2023
20231115;środa, 15 listopad 2023;Wednesday;November;Nov;11;4;2023
20231116;czwartek, 16 listopad 2023;Thursday;November;Nov;11;4;2023
20231117;piątek, 17 listopad 2023;Friday;November;Nov;11;4;2023
20231118;sobota, 18 listopad 2023;Saturday;November;Nov;11;4;2023
20231119;niedziela, 19 listopad 2023;Sunday;November;Nov;11;4;2023
20231120;poniedziałek, 20 listopad 2023;Monday;November;Nov;11;4;2023
20231121;wtorek, 21 listopad 2023;Tuesday;November;Nov;11;4;2023
20231122;środa, 22 listopad 2023;Wednesday;November;Nov;11;4;2023
20231123;czwartek, 23 listopad 2023;Thursday;November;Nov;11;4;2023
20231124;piątek, 24 listopad 2023;Friday;November;Nov;11;4;2023
20231125;sobota, 25 listopad 2023;Saturday;November;Nov;11;4;2023
20231126;niedziela, 26 listopad 2023;Sunday;November;Nov;11;4;2023
20231127;poniedziałek, 27 listopad 2023;Monday;November;Nov;11;4;2023
20231128;wtorek, 28 listopad 2023;Tuesday;November;Nov;11;4;2023
20231129;środa, 29 listopad 2023;Wednesday;November;Nov;11;4;2023
20231130;czwartek, 30 listopad 2023;Thursday;November;Nov;11;4;2023
20231201;piątek, 1 grudzień 2023;Friday;December;Dec;12;4;2023
20231202;sobota, 2 grudzień 2023;Saturday;December;Dec;12;4;2023
20231203;niedziela, 3 grudzień 2023;Sunday;December;Dec;12;4;2023
20231204;poniedziałek, 4 grudzień 2023;Monday;December;Dec;12;4;2023
20231205;wtorek, 5 grudzień 2023;Tuesday;December;Dec;12;4;2023
20231206;środa, 6 grudzień 2023;Wednesday;December;Dec;12;4;2023
20231207;czwartek, 7 grudzień 2023;Thursday;December;Dec;12;4;2023
20231208;piątek, 8 grudzień 2023;Friday;December;Dec;12;4;2023
20231209;sobota, 9 grudzień 2023;Saturday;December;Dec;12;4;2023
20231210;niedziela, 10 grudzień 2023;Sunday;December;Dec;12;4;2023
20231211;poniedziałek, 11 grudzień 2023;Monday;December;Dec;12;4;2023
20231212;wtorek, 12 grudzień 2023;Tuesday;December;Dec;12;4;2023
20231213;środa, 13 grudzień 2023;Wednesday;December;Dec;12;4;2023
20231214;czwartek, 14 grudzień 2023;Thursday;December;Dec;12;4;2023
20231215;piątek, 15 grudzień 2023;Friday;December;Dec;12;4;2023
20231216;sobota, 16 grudzień 2023;Saturday;December;Dec;12;4;2023
20231217;niedziela, 17 grudzień 2023;Sunday;December;Dec;12;4;2023
20231218;poniedziałek, 18 grudzień 2023;Monday;December;Dec;12;4;2023
20231219;wtorek, 19 grudzień 2023;Tuesday;December;Dec;12;4;2023
20231220;środa, 20 grudzień 2023;Wednesday;December;Dec;12;4;2023
20231221;czwartek, 21 grudzień 2023;Thursday;December;Dec;12;4;2023
20231222;piątek, 22 grudzień 2023;Friday;December;Dec;12;4;2023
20231223;sobota, 23 grudzień 2023;Saturday;December;Dec;12;4;2023
20231224;niedziela, 24 grudzień 2023;Sunday;December;Dec;12;4;2023
20231225;poniedziałek, 25 grudzień 2023;Monday;December;Dec;12;4;2023
20231226;wtorek, 26 grudzień 2023;Tuesday;December;Dec;12;4;2023
20231227;środa, 27 grudzień 2023;Wednesday;December;Dec;12;4;2023
20231228;czwartek, 28 grudzień 2023;Thursday;December;Dec;12;4;2023
20231229;piątek, 29 grudzień 2023;Friday;December;Dec;12;4;2023
20231230;sobota, 30 grudzień 2023;Saturday;December;Dec;12;4;2023
20231231;niedziela, 31 grudzień 2023;Sunday;December;Dec;12;4;2023
20240101;poniedziałek, 1 styczeń 2024;Monday;January;Jan;1;1;2024
20240102;wtorek, 2 styczeń 2024;Tuesday;January;Jan;1;1;2024
20240103;środa, 3 styczeń 2024;Wednesday;January;Jan;1;1;2024
20240104;czwartek, 4 styczeń 2024;Thursday;January;Jan;1;1;2024
20240105;piątek, 5 styczeń 2024;Friday;January;Jan;1;1;2024
20240106;sobota, 6 styczeń 2024;Saturday;January;Jan;1;1;2024
20240107;niedziela, 7 styczeń 2024;Sunday;January;Jan;1;1;2024
20240108;poniedziałek, 8 styczeń 2024;Monday;January;Jan;1;1;2024
20240109;wtorek, 9 styczeń 2024;Tuesday;January;Jan;1;1;2024
20240110;środa, 10 styczeń 2024;Wednesday;January;Jan;1;1;2024
20240111;czwartek, 11 styczeń 2024;Thursday;January;Jan;1;1;2024
20240112;piątek, 12 styczeń 2024;Friday;January;Jan;1;1;2024
20240113;sobota, 13 styczeń 2024;Saturday;January;Jan;1;1;2024
20240114;niedziela, 14 styczeń 2024;Sunday;January;Jan;1;1;2024
20240115;poniedziałek, 15 styczeń 2024;Monday;January;Jan;1;1;2024
20240116;wtorek, 16 styczeń 2024;Tuesday;January;Jan;1;1;2024
20240117;środa, 17 styczeń 2024;Wednesday;January;Jan;1;1;2024
20240118;czwartek, 18 styczeń 2024;Thursday;January;Jan;1;1;2024
20240119;piątek, 19 styczeń 2024;Friday;January;Jan;1;1;2024
20240120;sobota, 20 styczeń 2024;Saturday;January;Jan;1;1;2024
20240121;niedziela, 21 styczeń 2024;Sunday;January;Jan;1;1;2024
20240122;poniedziałek, 22 styczeń 2024;Monday;January;Jan;1;1;2024
20240123;wtorek, 23 styczeń 2024;Tuesday;January;Jan;1;1;2024
20240124;środa, 24 styczeń 2024;Wednesday;January;Jan;1;1;2024
20240125;czwartek, 25 styczeń 2024;Thursday;January;Jan;1;1;2024
20240126;piątek, 26 styczeń 2024;Friday;January;Jan;1;1;2024
20240127;sobota, 27 styczeń 2024;Saturday;January;Jan;1;1;2024
20240128;niedziela, 28 styczeń 2024;Sunday;January;Jan;1;1;2024
20240129;poniedziałek, 29 styczeń 2024;Monday;January;Jan;1;1;2024
20240130;wtorek, 30 styczeń 2024;Tuesday;January;Jan;1;1;2024
20240131;środa, 31 styczeń 2024;Wednesday;January;Jan;1;1;2024
20240201;czwartek, 1 luty 2024;Thursday;February;Feb;2;1;2024
20240202;piątek, 2 luty 2024;Friday;February;Feb;2;1;2024
20240203;sobota, 3 luty 2024;Saturday;February;Feb;2;1;2024
20240204;niedziela, 4 luty 2024;Sunday;February;Feb;2;1;2024
20240205;poniedziałek, 5 luty 2024;Monday;February;Feb;2;1;2024
20240206;wtorek, 6 luty 2024;Tuesday;February;Feb;2;1;2024
20240207;środa, 7 luty 2024;Wednesday;February;Feb;2;1;2024
20240208;czwartek, 8 luty 2024;Thursday;February;Feb;2;1;2024
20240209;piątek, 9 luty 2024;Friday;February;Feb;2;1;2024
20240210;sobota, 10 luty 2024;Saturday;February;Feb;2;1;2024
20240211;niedziela, 11 luty 2024;Sunday;February;Feb;2;1;2024
20240212;poniedziałek, 12 luty 2024;Monday;February;Feb;2;1;2024
20240213;wtorek, 13 luty 2024;Tuesday;February;Feb;2;1;2024
20240214;środa, 14 luty 2024;Wednesday;February;Feb;2;1;2024
20240215;czwartek, 15 luty 2024;Thursday;February;Feb;2;1;2024
20240216;piątek, 16 luty 2024;Friday;February;Feb;2;1;2024
20240217;sobota, 17 luty 2024;Saturday;February;Feb;2;1;2024
20240218;niedziela, 18 luty 2024;Sunday;February;Feb;2;1;2024
20240219;poniedziałek, 19 luty 2024;Monday;February;Feb;2;1;2024
20240220;wtorek, 20 luty 2024;Tuesday;February;Feb;2;1;2024
20240221;środa, 21 luty 2024;Wednesday;February;Feb;2;1;2024
20240222;czwartek, 22 luty 2024;Thursday;February;Feb;2;1;2024
20240223;piątek, 23 luty 2024;Friday;February;Feb;2;1;2024
20240224;sobota, 24 luty 2024;Saturday;February;Feb;2;1;2024
20240225;niedziela, 25 luty 2024;Sunday;February;Feb;2;1;2024
20240226;poniedziałek, 26 luty 2024;Monday;February;Feb;2;1;2024
20240227;wtorek, 27 luty 2024;Tuesday;February;Feb;2;1;2024
20240228;środa, 28 luty 2024;Wednesday;February;Feb;2;1;2024
20240229;czwartek, 29 luty 2024;Thursday;February;Feb;2;1;2024
20240301;piątek, 1 marzec 2024;Friday;March;Mar;3;1;2024
20240302;sobota, 2 marzec 2024;Saturday;March;Mar;3;1;2024
20240303;niedziela, 3 marzec 2024;Sunday;March;Mar;3;1;2024
20240304;poniedziałek, 4 marzec 2024;Monday;March;Mar;3;1;2024
20240305;wtorek, 5 marzec 2024;Tuesday;March;Mar;3;1;2024
20240306;środa, 6 marzec 2024;Wednesday;March;Mar;3;1;2024
20240307;czwartek, 7 marzec 2024;Thursday;March;Mar;3;1;2024
20240308;piątek, 8 marzec 2024;Friday;March;Mar;3;1;2024
20240309;sobota, 9 marzec 2024;Saturday;March;Mar;3;1;2024
20240310;niedziela, 10 marzec 2024;Sunday;March;Mar;3;1;2024
20240311;poniedziałek, 11 marzec 2024;Monday;March;Mar;3;1;2024
20240312;wtorek, 12 marzec 2024;Tuesday;March;Mar;3;1;2024
20240313;środa, 13 marzec 2024;Wednesday;March;Mar;3;1;2024
20240314;czwartek, 14 marzec 2024;Thursday;March;Mar;3;1;2024
20240315;piątek, 15 marzec 2024;Friday;March;Mar;3;1;2024
20240316;sobota, 16 marzec 2024;Saturday;March;Mar;3;1;2024
20240317;niedziela, 17 marzec 2024;Sunday;March;Mar;3;1;2024
20240318;poniedziałek, 18 marzec 2024;Monday;March;Mar;3;1;2024
20240319;wtorek, 19 marzec 2024;Tuesday;March;Mar;3;1;2024
20240320;środa, 20 marzec 2024;Wednesday;March;Mar;3;1;2024
20240321;czwartek, 21 marzec 2024;Thursday;March;Mar;3;1;2024
20240322;piątek, 22 marzec 2024;Friday;March;Mar;3;1;2024
20240323;sobota, 23 marzec 2024;Saturday;March;Mar;3;1;2024
20240324;niedziela, 24 marzec 2024;Sunday;March;Mar;3;1;2024
20240325;poniedziałek, 25 marzec 2024;Monday;March;Mar;3;1;2024
20240326;wtorek, 26 marzec 2024;Tuesday;March;Mar;3;1;2024
20240327;środa, 27 marzec 2024;Wednesday;March;Mar;3;1;2024
20240328;czwartek, 28 marzec 2024;Thursday;March;Mar;3;1;2024
20240329;piątek, 29 marzec 2024;Friday;March;Mar;3;1;2024
20240330;sobota, 30 marzec 2024;Saturday;March;Mar;3;1;2024
20240331;niedziela, 31 marzec 2024;Sunday;March;Mar;3;1;2024
20240401;poniedziałek, 1 kwiecień 2024;Monday;April;Apr;4;2;2024
20240402;wtorek, 2 kwiecień 2024;Tuesday;April;Apr;4;2;2024
20240403;środa, 3 kwiecień 2024;Wednesday;April;Apr;4;2;2024
20240404;czwartek, 4 kwiecień 2024;Thursday;April;Apr;4;2;2024
20240405;piątek, 5 kwiecień 2024;Friday;April;Apr;4;2;2024
20240406;sobota, 6 kwiecień 2024;Saturday;April;Apr;4;2;2024
20240407;niedziela, 7 kwiecień 2024;Sunday;April;Apr;4;2;2024
20240408;poniedziałek, 8 kwiecień 2024;Monday;April;Apr;4;2;2024
20240409;wtorek, 9 kwiecień 2024;Tuesday;April;Apr;4;2;2024
20240410;środa, 10 kwiecień 2024;Wednesday;April;Apr;4;2;2024
20240411;czwartek, 11 kwiecień 2024;Thursday;April;Apr;4;2;2024
20240412;piątek, 12 kwiecień 2024;Friday;April;Apr;4;2;2024
20240413;sobota, 13 kwiecień 2024;Saturday;April;Apr;4;2;2024
20240414;niedziela, 14 kwiecień 2024;Sunday;April;Apr;4;2;2024
20240415;poniedziałek, 15 kwiecień 2024;Monday;April;Apr;4;2;2024
20240416;wtorek, 16 kwiecień 2024;Tuesday;April;Apr;4;2;2024
20240417;środa, 17 kwiecień 2024;Wednesday;April;Apr;4;2;2024
20240418;czwartek, 18 kwiecień 2024;Thursday;April;Apr;4;2;2024
20240419;piątek, 19 kwiecień 2024;Friday;April;Apr;4;2;2024
20240420;sobota, 20 kwiecień 2024;Saturday;April;Apr;4;2;2024
20240421;niedziela, 21 kwiecień 2024;Sunday;April;Apr;4;2;2024
20240422;poniedziałek, 22 kwiecień 2024;Monday;April;Apr;4;2;2024
20240423;wtorek, 23 kwiecień 2024;Tuesday;April;Apr;4;2;2024
20240424;środa, 24 kwiecień 2024;Wednesday;April;Apr;4;2;2024
20240425;czwartek, 25 kwiecień 2024;Thursday;April;Apr;4;2;2024
20240426;piątek, 26 kwiecień 2024;Friday;April;Apr;4;2;2024
20240427;sobota, 27 kwiecień 2024;Saturday;April;Apr;4;2;2024
20240428;niedziela, 28 kwiecień 2024;Sunday;April;Apr;4;2;2024
20240429;poniedziałek, 29 kwiecień 2024;Monday;April;Apr;4;2;2024
20240430;wtorek, 30 kwiecień 2024;Tuesday;April;Apr;4;2;2024
20240501;środa, 1 maj 2024;Wednesday;May;May;5;2;2024
20240502;czwartek, 2 maj 2024;Thursday;May;May;5;2;2024
20240503;piątek, 3 maj 2024;Friday;May;May;5;2;2024
20240504;sobota, 4 maj 2024;Saturday;May;May;5;2;2024
20240505;niedziela, 5 maj 2024;Sunday;May;May;5;2;2024
20240506;poniedziałek, 6 maj 2024;Monday;May;May;5;2;2024
20240507;wtorek, 7 maj 2024;Tuesday;May;May;5;2;2024
20240508;środa, 8 maj 2024;Wednesday;May;May;5;2;2024
20240509;czwartek, 9 maj 2024;Thursday;May;May;5;2;2024
20240510;piątek, 10 maj 2024;Friday;May;May;5;2;2024
20240511;sobota, 11 maj 2024;Saturday;May;May;5;2;2024
20240512;niedziela, 12 maj 2024;Sunday;May;May;5;2;2024
20240513;poniedziałek, 13 maj 2024;Monday;May;May;5;2;2024
20240514;wtorek, 14 maj 2024;Tuesday;May;May;5;2;2024
20240515;środa, 15 maj 2024;Wednesday;May;May;5;2;2024
20240516;czwartek, 16 maj 2024;Thursday;May;May;5;2;2024
20240517;piątek, 17 maj 2024;Friday;May;May;5;2;2024
20240518;sobota, 18 maj 2024;Saturday;May;May;5;2;2024
20240519;niedziela, 19 maj 2024;Sunday;May;May;5;2;2024
20240520;poniedziałek, 20 maj 2024;Monday;May;May;5;2;2024
20240521;wtorek, 21 maj 2024;Tuesday;May;May;5;2;2024
20240522;środa, 22 maj 2024;Wednesday;May;May;5;2;2024
20240523;czwartek, 23 maj 2024;Thursday;May;May;5;2;2024
20240524;piątek, 24 maj 2024;Friday;May;May;5;2;2024
20240525;sobota, 25 maj 2024;Saturday;May;May;5;2;2024
20240526;niedziela, 26 maj 2024;Sunday;May;May;5;2;2024
20240527;poniedziałek, 27 maj 2024;Monday;May;May;5;2;2024
20240528;wtorek, 28 maj 2024;Tuesday;May;May;5;2;2024
20240529;środa, 29 maj 2024;Wednesday;May;May;5;2;2024
20240530;czwartek, 30 maj 2024;Thursday;May;May;5;2;2024
20240531;piątek, 31 maj 2024;Friday;May;May;5;2;2024
20240601;sobota, 1 czerwiec 2024;Saturday;June;Jun;6;2;2024
20240602;niedziela, 2 czerwiec 2024;Sunday;June;Jun;6;2;2024
20240603;poniedziałek, 3 czerwiec 2024;Monday;June;Jun;6;2;2024
20240604;wtorek, 4 czerwiec 2024;Tuesday;June;Jun;6;2;2024
20240605;środa, 5 czerwiec 2024;Wednesday;June;Jun;6;2;2024
20240606;czwartek, 6 czerwiec 2024;Thursday;June;Jun;6;2;2024
20240607;piątek, 7 czerwiec 2024;Friday;June;Jun;6;2;2024
20240608;sobota, 8 czerwiec 2024;Saturday;June;Jun;6;2;2024
20240609;niedziela, 9 czerwiec 2024;Sunday;June;Jun;6;2;2024
20240610;poniedziałek, 10 czerwiec 2024;Monday;June;Jun;6;2;2024
20240611;wtorek, 11 czerwiec 2024;Tuesday;June;Jun;6;2;2024
20240612;środa, 12 czerwiec 2024;Wednesday;June;Jun;6;2;2024
20240613;czwartek, 13 czerwiec 2024;Thursday;June;Jun;6;2;2024
20240614;piątek, 14 czerwiec 2024;Friday;June;Jun;6;2;2024
20240615;sobota, 15 czerwiec 2024;Saturday;June;Jun;6;2;2024
20240616;niedziela, 16 czerwiec 2024;Sunday;June;Jun;6;2;2024
20240617;poniedziałek, 17 czerwiec 2024;Monday;June;Jun;6;2;2024
20240618;wtorek, 18 czerwiec 2024;Tuesday;June;Jun;6;2;2024
20240619;środa, 19 czerwiec 2024;Wednesday;June;Jun;6;2;2024
20240620;czwartek, 20 czerwiec 2024;Thursday;June;Jun;6;2;2024
20240621;piątek, 21 czerwiec 2024;Friday;June;Jun;6;2;2024
20240622;sobota, 22 czerwiec 2024;Saturday;June;Jun;6;2;2024
20240623;niedziela, 23 czerwiec 2024;Sunday;June;Jun;6;2;2024
20240624;poniedziałek, 24 czerwiec 2024;Monday;June;Jun;6;2;2024
20240625;wtorek, 25 czerwiec 2024;Tuesday;June;Jun;6;2;2024
20240626;środa, 26 czerwiec 2024;Wednesday;June;Jun;6;2;2024
20240627;czwartek, 27 czerwiec 2024;Thursday;June;Jun;6;2;2024
20240628;piątek, 28 czerwiec 2024;Friday;June;Jun;6;2;2024
20240629;sobota, 29 czerwiec 2024;Saturday;June;Jun;6;2;2024
20240630;niedziela, 30 czerwiec 2024;Sunday;June;Jun;6;2;2024
20240701;poniedziałek, 1 lipiec 2024;Monday;July;Jul;7;3;2024
20240702;wtorek, 2 lipiec 2024;Tuesday;July;Jul;7;3;2024
20240703;środa, 3 lipiec 2024;Wednesday;July;Jul;7;3;2024
20240704;czwartek, 4 lipiec 2024;Thursday;July;Jul;7;3;2024
20240705;piątek, 5 lipiec 2024;Friday;July;Jul;7;3;2024
20240706;sobota, 6 lipiec 2024;Saturday;July;Jul;7;3;2024
20240707;niedziela, 7 lipiec 2024;Sunday;July;Jul;7;3;2024
20240708;poniedziałek, 8 lipiec 2024;Monday;July;Jul;7;3;2024
20240709;wtorek, 9 lipiec 2024;Tuesday;July;Jul;7;3;2024
20240710;środa, 10 lipiec 2024;Wednesday;July;Jul;7;3;2024
20240711;czwartek, 11 lipiec 2024;Thursday;July;Jul;7;3;2024
20240712;piątek, 12 lipiec 2024;Friday;July;Jul;7;3;2024
20240713;sobota, 13 lipiec 2024;Saturday;July;Jul;7;3;2024
20240714;niedziela, 14 lipiec 2024;Sunday;July;Jul;7;3;2024
20240715;poniedziałek, 15 lipiec 2024;Monday;July;Jul;7;3;2024
20240716;wtorek, 16 lipiec 2024;Tuesday;July;Jul;7;3;2024
20240717;środa, 17 lipiec 2024;Wednesday;July;Jul;7;3;2024
20240718;czwartek, 18 lipiec 2024;Thursday;July;Jul;7;3;2024
20240719;piątek, 19 lipiec 2024;Friday;July;Jul;7;3;2024
20240720;sobota, 20 lipiec 2024;Saturday;July;Jul;7;3;2024
20240721;niedziela, 21 lipiec 2024;Sunday;July;Jul;7;3;2024
20240722;poniedziałek, 22 lipiec 2024;Monday;July;Jul;7;3;2024
20240723;wtorek, 23 lipiec 2024;Tuesday;July;Jul;7;3;2024
20240724;środa, 24 lipiec 2024;Wednesday;July;Jul;7;3;2024
20240725;czwartek, 25 lipiec 2024;Thursday;July;Jul;7;3;2024
20240726;piątek, 26 lipiec 2024;Friday;July;Jul;7;3;2024
20240727;sobota, 27 lipiec 2024;Saturday;July;Jul;7;3;2024
20240728;niedziela, 28 lipiec 2024;Sunday;July;Jul;7;3;2024
20240729;poniedziałek, 29 lipiec 2024;Monday;July;Jul;7;3;2024
20240730;wtorek, 30 lipiec 2024;Tuesday;July;Jul;7;3;2024
20240731;środa, 31 lipiec 2024;Wednesday;July;Jul;7;3;2024
20240801;czwartek, 1 sierpień 2024;Thursday;August;Aug;8;3;2024
20240802;piątek, 2 sierpień 2024;Friday;August;Aug;8;3;2024
20240803;sobota, 3 sierpień 2024;Saturday;August;Aug;8;3;2024
20240804;niedziela, 4 sierpień 2024;Sunday;August;Aug;8;3;2024
20240805;poniedziałek, 5 sierpień 2024;Monday;August;Aug;8;3;2024
20240806;wtorek, 6 sierpień 2024;Tuesday;August;Aug;8;3;2024
20240807;środa, 7 sierpień 2024;Wednesday;August;Aug;8;3;2024
20240808;czwartek, 8 sierpień 2024;Thursday;August;Aug;8;3;2024
20240809;piątek, 9 sierpień 2024;Friday;August;Aug;8;3;2024
20240810;sobota, 10 sierpień 2024;Saturday;August;Aug;8;3;2024
20240811;niedziela, 11 sierpień 2024;Sunday;August;Aug;8;3;2024
20240812;poniedziałek, 12 sierpień 2024;Monday;August;Aug;8;3;2024
20240813;wtorek, 13 sierpień 2024;Tuesday;August;Aug;8;3;2024
20240814;środa, 14 sierpień 2024;Wednesday;August;Aug;8;3;2024
20240815;czwartek, 15 sierpień 2024;Thursday;August;Aug;8;3;2024
20240816;piątek, 16 sierpień 2024;Friday;August;Aug;8;3;2024
20240817;sobota, 17 sierpień 2024;Saturday;August;Aug;8;3;2024
20240818;niedziela, 18 sierpień 2024;Sunday;August;Aug;8;3;2024
20240819;poniedziałek, 19 sierpień 2024;Monday;August;Aug;8;3;2024
20240820;wtorek, 20 sierpień 2024;Tuesday;August;Aug;8;3;2024
20240821;środa, 21 sierpień 2024;Wednesday;August;Aug;8;3;2024
20240822;czwartek, 22 sierpień 2024;Thursday;August;Aug;8;3;2024
20240823;piątek, 23 sierpień 2024;Friday;August;Aug;8;3;2024
20240824;sobota, 24 sierpień 2024;Saturday;August;Aug;8;3;2024
20240825;niedziela, 25 sierpień 2024;Sunday;August;Aug;8;3;2024
20240826;poniedziałek, 26 sierpień 2024;Monday;August;Aug;8;3;2024
20240827;wtorek, 27 sierpień 2024;Tuesday;August;Aug;8;3;2024
20240828;środa, 28 sierpień 2024;Wednesday;August;Aug;8;3;2024
20240829;czwartek, 29 sierpień 2024;Thursday;August;Aug;8;3;2024
20240830;piątek, 30 sierpień 2024;Friday;August;Aug;8;3;2024
20240831;sobota, 31 sierpień 2024;Saturday;August;Aug;8;3;2024
20240901;niedziela, 1 wrzesień 2024;Sunday;September;Sep;9;3;2024
20240902;poniedziałek, 2 wrzesień 2024;Monday;September;Sep;9;3;2024
20240903;wtorek, 3 wrzesień 2024;Tuesday;September;Sep;9;3;2024
20240904;środa, 4 wrzesień 2024;Wednesday;September;Sep;9;3;2024
20240905;czwartek, 5 wrzesień 2024;Thursday;September;Sep;9;3;2024
20240906;piątek, 6 wrzesień 2024;Friday;September;Sep;9;3;2024
20240907;sobota, 7 wrzesień 2024;Saturday;September;Sep;9;3;2024
20240908;niedziela, 8 wrzesień 2024;Sunday;September;Sep;9;3;2024
20240909;poniedziałek, 9 wrzesień 2024;Monday;September;Sep;9;3;2024
20240910;wtorek, 10 wrzesień 2024;Tuesday;September;Sep;9;3;2024
20240911;środa, 11 wrzesień 2024;Wednesday;September;Sep;9;3;2024
20240912;czwartek, 12 wrzesień 2024;Thursday;September;Sep;9;3;2024
20240913;piątek, 13 wrzesień 2024;Friday;September;Sep;9;3;2024
20240914;sobota, 14 wrzesień 2024;Saturday;September;Sep;9;3;2024
20240915;niedziela, 15 wrzesień 2024;Sunday;September;Sep;9;3;2024
20240916;poniedziałek, 16 wrzesień 2024;Monday;September;Sep;9;3;2024
20240917;wtorek, 17 wrzesień 2024;Tuesday;September;Sep;9;3;2024
20240918;środa, 18 wrzesień 2024;Wednesday;September;Sep;9;3;2024
20240919;czwartek, 19 wrzesień 2024;Thursday;September;Sep;9;3;2024
20240920;piątek, 20 wrzesień 2024;Friday;September;Sep;9;3;2024
20240921;sobota, 21 wrzesień 2024;Saturday;September;Sep;9;3;2024
20240922;niedziela, 22 wrzesień 2024;Sunday;September;Sep;9;3;2024
20240923;poniedziałek, 23 wrzesień 2024;Monday;September;Sep;9;3;2024
20240924;wtorek, 24 wrzesień 2024;Tuesday;September;Sep;9;3;2024
20240925;środa, 25 wrzesień 2024;Wednesday;September;Sep;9;3;2024
20240926;czwartek, 26 wrzesień 2024;Thursday;September;Sep;9;3;2024
20240927;piątek, 27 wrzesień 2024;Friday;September;Sep;9;3;2024
20240928;sobota, 28 wrzesień 2024;Saturday;September;Sep;9;3;2024
20240929;niedziela, 29 wrzesień 2024;Sunday;September;Sep;9;3;2024
20240930;poniedziałek, 30 wrzesień 2024;Monday;September;Sep;9;3;2024
20241001;wtorek, 1 październik 2024;Tuesday;October;Oct;10;4;2024
20241002;środa, 2 październik 2024;Wednesday;October;Oct;10;4;2024
20241003;czwartek, 3 październik 2024;Thursday;October;Oct;10;4;2024
20241004;piątek, 4 październik 2024;Friday;October;Oct;10;4;2024
20241005;sobota, 5 październik 2024;Saturday;October;Oct;10;4;2024
20241006;niedziela, 6 październik 2024;Sunday;October;Oct;10;4;2024
20241007;poniedziałek, 7 październik 2024;Monday;October;Oct;10;4;2024
20241008;wtorek, 8 październik 2024;Tuesday;October;Oct;10;4;2024
20241009;środa, 9 październik 2024;Wednesday;October;Oct;10;4;2024
20241010;czwartek, 10 październik 2024;Thursday;October;Oct;10;4;2024
20241011;piątek, 11 październik 2024;Friday;October;Oct;10;4;2024
20241012;sobota, 12 październik 2024;Saturday;October;Oct;10;4;2024
20241013;niedziela, 13 październik 2024;Sunday;October;Oct;10;4;2024
20241014;poniedziałek, 14 październik 2024;Monday;October;Oct;10;4;2024
20241015;wtorek, 15 październik 2024;Tuesday;October;Oct;10;4;2024
20241016;środa, 16 październik 2024;Wednesday;October;Oct;10;4;2024
20241017;czwartek, 17 październik 2024;Thursday;October;Oct;10;4;2024
20241018;piątek, 18 październik 2024;Friday;October;Oct;10;4;2024
20241019;sobota, 19 październik 2024;Saturday;October;Oct;10;4;2024
20241020;niedziela, 20 październik 2024;Sunday;October;Oct;10;4;2024
20241021;poniedziałek, 21 październik 2024;Monday;October;Oct;10;4;2024
20241022;wtorek, 22 październik 2024;Tuesday;October;Oct;10;4;2024
20241023;środa, 23 październik 2024;Wednesday;October;Oct;10;4;2024
20241024;czwartek, 24 październik 2024;Thursday;October;Oct;10;4;2024
20241025;piątek, 25 październik 2024;Friday;October;Oct;10;4;2024
20241026;sobota, 26 październik 2024;Saturday;October;Oct;10;4;2024
20241027;niedziela, 27 październik 2024;Sunday;October;Oct;10;4;2024
20241028;poniedziałek, 28 październik 2024;Monday;October;Oct;10;4;2024
20241029;wtorek, 29 październik 2024;Tuesday;October;Oct;10;4;2024
20241030;środa, 30 październik 2024;Wednesday;October;Oct;10;4;2024
20241031;czwartek, 31 październik 2024;Thursday;October;Oct;10;4;2024
20241101;piątek, 1 listopad 2024;Friday;November;Nov;11;4;2024
20241102;sobota, 2 listopad 2024;Saturday;November;Nov;11;4;2024
20241103;niedziela, 3 listopad 2024;Sunday;November;Nov;11;4;2024
20241104;poniedziałek, 4 listopad 2024;Monday;November;Nov;11;4;2024
20241105;wtorek, 5 listopad 2024;Tuesday;November;Nov;11;4;2024
20241106;środa, 6 listopad 2024;Wednesday;November;Nov;11;4;2024
20241107;czwartek, 7 listopad 2024;Thursday;November;Nov;11;4;2024
20241108;piątek, 8 listopad 2024;Friday;November;Nov;11;4;2024
20241109;sobota, 9 listopad 2024;Saturday;November;Nov;11;4;2024
20241110;niedziela, 10 listopad 2024;Sunday;November;Nov;11;4;2024
20241111;poniedziałek, 11 listopad 2024;Monday;November;Nov;11;4;2024
20241112;wtorek, 12 listopad 2024;Tuesday;November;Nov;11;4;2024
20241113;środa, 13 listopad 2024;Wednesday;November;Nov;11;4;2024
20241114;czwartek, 14 listopad 2024;Thursday;November;Nov;11;4;2024
20241115;piątek, 15 listopad 2024;Friday;November;Nov;11;4;2024
20241116;sobota, 16 listopad 2024;Saturday;November;Nov;11;4;2024
20241117;niedziela, 17 listopad 2024;Sunday;November;Nov;11;4;2024
20241118;poniedziałek, 18 listopad 2024;Monday;November;Nov;11;4;2024
20241119;wtorek, 19 listopad 2024;Tuesday;November;Nov;11;4;2024
20241120;środa, 20 listopad 2024;Wednesday;November;Nov;11;4;2024
20241121;czwartek, 21 listopad 2024;Thursday;November;Nov;11;4;2024
20241122;piątek, 22 listopad 2024;Friday;November;Nov;11;4;2024
20241123;sobota, 23 listopad 2024;Saturday;November;Nov;11;4;2024
20241124;niedziela, 24 listopad 2024;Sunday;November;Nov;11;4;2024
20241125;poniedziałek, 25 listopad 2024;Monday;November;Nov;11;4;2024
20241126;wtorek, 26 listopad 2024;Tuesday;November;Nov;11;4;2024
20241127;środa, 27 listopad 2024;Wednesday;November;Nov;11;4;2024
20241128;czwartek, 28 listopad 2024;Thursday;November;Nov;11;4;2024
20241129;piątek, 29 listopad 2024;Friday;November;Nov;11;4;2024
20241130;sobota, 30 listopad 2024;Saturday;November;Nov;11;4;2024
20241201;niedziela, 1 grudzień 2024;Sunday;December;Dec;12;4;2024
20241202;poniedziałek, 2 grudzień 2024;Monday;December;Dec;12;4;2024
20241203;wtorek, 3 grudzień 2024;Tuesday;December;Dec;12;4;2024
20241204;środa, 4 grudzień 2024;Wednesday;December;Dec;12;4;2024
20241205;czwartek, 5 grudzień 2024;Thursday;December;Dec;12;4;2024
20241206;piątek, 6 grudzień 2024;Friday;December;Dec;12;4;2024
20241207;sobota, 7 grudzień 2024;Saturday;December;Dec;12;4;2024
20241208;niedziela, 8 grudzień 2024;Sunday;December;Dec;12;4;2024
20241209;poniedziałek, 9 grudzień 2024;Monday;December;Dec;12;4;2024
20241210;wtorek, 10 grudzień 2024;Tuesday;December;Dec;12;4;2024
20241211;środa, 11 grudzień 2024;Wednesday;December;Dec;12;4;2024
20241212;czwartek, 12 grudzień 2024;Thursday;December;Dec;12;4;2024
20241213;piątek, 13 grudzień 2024;Friday;December;Dec;12;4;2024
20241214;sobota, 14 grudzień 2024;Saturday;December;Dec;12;4;2024
20241215;niedziela, 15 grudzień 2024;Sunday;December;Dec;12;4;2024
20241216;poniedziałek, 16 grudzień 2024;Monday;December;Dec;12;4;2024
20241217;wtorek, 17 grudzień 2024;Tuesday;December;Dec;12;4;2024
20241218;środa, 18 grudzień 2024;Wednesday;December;Dec;12;4;2024
20241219;czwartek, 19 grudzień 2024;Thursday;December;Dec;12;4;2024
20241220;piątek, 20 grudzień 2024;Friday;December;Dec;12;4;2024
20241221;sobota, 21 grudzień 2024;Saturday;December;Dec;12;4;2024
20241222;niedziela, 22 grudzień 2024;Sunday;December;Dec;12;4;2024
20241223;poniedziałek, 23 grudzień 2024;Monday;December;Dec;12;4;2024
20241224;wtorek, 24 grudzień 2024;Tuesday;December;Dec;12;4;2024
20241225;środa, 25 grudzień 2024;Wednesday;December;Dec;12;4;2024
20241226;czwartek, 26 grudzień 2024;Thursday;December;Dec;12;4;2024
20241227;piątek, 27 grudzień 2024;Friday;December;Dec;12;4;2024
20241228;sobota, 28 grudzień 2024;Saturday;December;Dec;12;4;2024
20241229;niedziela, 29 grudzień 2024;Sunday;December;Dec;12;4;2024
20241230;poniedziałek, 30 grudzień 2024;Monday;December;Dec;12;4;2024
20241231;wtorek, 31 grudzień 2024;Tuesday;December;Dec;12;4;2024
20250101;środa, 1 styczeń 2025;Wednesday;January;Jan;1;1;2025
20250102;czwartek, 2 styczeń 2025;Thursday;January;Jan;1;1;2025
20250103;piątek, 3 styczeń 2025;Friday;January;Jan;1;1;2025
20250104;sobota, 4 styczeń 2025;Saturday;January;Jan;1;1;2025
20250105;niedziela, 5 styczeń 2025;Sunday;January;Jan;1;1;2025
20250106;poniedziałek, 6 styczeń 2025;Monday;January;Jan;1;1;2025
20250107;wtorek, 7 styczeń 2025;Tuesday;January;Jan;1;1;2025
20250108;środa, 8 styczeń 2025;Wednesday;January;Jan;1;1;2025
20250109;czwartek, 9 styczeń 2025;Thursday;January;Jan;1;1;2025
20250110;piątek, 10 styczeń 2025;Friday;January;Jan;1;1;2025
20250111;sobota, 11 styczeń 2025;Saturday;January;Jan;1;1;2025
20250112;niedziela, 12 styczeń 2025;Sunday;January;Jan;1;1;2025
20250113;poniedziałek, 13 styczeń 2025;Monday;January;Jan;1;1;2025
20250114;wtorek, 14 styczeń 2025;Tuesday;January;Jan;1;1;2025
20250115;środa, 15 styczeń 2025;Wednesday;January;Jan;1;1;2025
20250116;czwartek, 16 styczeń 2025;Thursday;January;Jan;1;1;2025
20250117;piątek, 17 styczeń 2025;Friday;January;Jan;1;1;2025
20250118;sobota, 18 styczeń 2025;Saturday;January;Jan;1;1;2025
20250119;niedziela, 19 styczeń 2025;Sunday;January;Jan;1;1;2025
20250120;poniedziałek, 20 styczeń 2025;Monday;January;Jan;1;1;2025
20250121;wtorek, 21 styczeń 2025;Tuesday;January;Jan;1;1;2025
20250122;środa, 22 styczeń 2025;Wednesday;January;Jan;1;1;2025
20250123;czwartek, 23 styczeń 2025;Thursday;January;Jan;1;1;2025
20250124;piątek, 24 styczeń 2025;Friday;January;Jan;1;1;2025
20250125;sobota, 25 styczeń 2025;Saturday;January;Jan;1;1;2025
20250126;niedziela, 26 styczeń 2025;Sunday;January;Jan;1;1;2025
20250127;poniedziałek, 27 styczeń 2025;Monday;January;Jan;1;1;2025
20250128;wtorek, 28 styczeń 2025;Tuesday;January;Jan;1;1;2025
20250129;środa, 29 styczeń 2025;Wednesday;January;Jan;1;1;2025
20250130;czwartek, 30 styczeń 2025;Thursday;January;Jan;1;1;2025
20250131;piątek, 31 styczeń 2025;Friday;January;Jan;1;1;2025
20250201;sobota, 1 luty 2025;Saturday;February;Feb;2;1;2025
20250202;niedziela, 2 luty 2025;Sunday;February;Feb;2;1;2025
20250203;poniedziałek, 3 luty 2025;Monday;February;Feb;2;1;2025
20250204;wtorek, 4 luty 2025;Tuesday;February;Feb;2;1;2025
20250205;środa, 5 luty 2025;Wednesday;February;Feb;2;1;2025
20250206;czwartek, 6 luty 2025;Thursday;February;Feb;2;1;2025
20250207;piątek, 7 luty 2025;Friday;February;Feb;2;1;2025
20250208;sobota, 8 luty 2025;Saturday;February;Feb;2;1;2025
20250209;niedziela, 9 luty 2025;Sunday;February;Feb;2;1;2025
20250210;poniedziałek, 10 luty 2025;Monday;February;Feb;2;1;2025
20250211;wtorek, 11 luty 2025;Tuesday;February;Feb;2;1;2025
20250212;środa, 12 luty 2025;Wednesday;February;Feb;2;1;2025
20250213;czwartek, 13 luty 2025;Thursday;February;Feb;2;1;2025
20250214;piątek, 14 luty 2025;Friday;February;Feb;2;1;2025
20250215;sobota, 15 luty 2025;Saturday;February;Feb;2;1;2025
20250216;niedziela, 16 luty 2025;Sunday;February;Feb;2;1;2025
20250217;poniedziałek, 17 luty 2025;Monday;February;Feb;2;1;2025
20250218;wtorek, 18 luty 2025;Tuesday;February;Feb;2;1;2025
20250219;środa, 19 luty 2025;Wednesday;February;Feb;2;1;2025
20250220;czwartek, 20 luty 2025;Thursday;February;Feb;2;1;2025
20250221;piątek, 21 luty 2025;Friday;February;Feb;2;1;2025
20250222;sobota, 22 luty 2025;Saturday;February;Feb;2;1;2025
20250223;niedziela, 23 luty 2025;Sunday;February;Feb;2;1;2025
20250224;poniedziałek, 24 luty 2025;Monday;February;Feb;2;1;2025
20250225;wtorek, 25 luty 2025;Tuesday;February;Feb;2;1;2025
20250226;środa, 26 luty 2025;Wednesday;February;Feb;2;1;2025
20250227;czwartek, 27 luty 2025;Thursday;February;Feb;2;1;2025
20250228;piątek, 28 luty 2025;Friday;February;Feb;2;1;2025
20250301;sobota, 1 marzec 2025;Saturday;March;Mar;3;1;2025
20250302;niedziela, 2 marzec 2025;Sunday;March;Mar;3;1;2025
20250303;poniedziałek, 3 marzec 2025;Monday;March;Mar;3;1;2025
20250304;wtorek, 4 marzec 2025;Tuesday;March;Mar;3;1;2025
20250305;środa, 5 marzec 2025;Wednesday;March;Mar;3;1;2025
20250306;czwartek, 6 marzec 2025;Thursday;March;Mar;3;1;2025
20250307;piątek, 7 marzec 2025;Friday;March;Mar;3;1;2025
20250308;sobota, 8 marzec 2025;Saturday;March;Mar;3;1;2025
20250309;niedziela, 9 marzec 2025;Sunday;March;Mar;3;1;2025
20250310;poniedziałek, 10 marzec 2025;Monday;March;Mar;3;1;2025
20250311;wtorek, 11 marzec 2025;Tuesday;March;Mar;3;1;2025
20250312;środa, 12 marzec 2025;Wednesday;March;Mar;3;1;2025
20250313;czwartek, 13 marzec 2025;Thursday;March;Mar;3;1;2025
20250314;piątek, 14 marzec 2025;Friday;March;Mar;3;1;2025
20250315;sobota, 15 marzec 2025;Saturday;March;Mar;3;1;2025
20250316;niedziela, 16 marzec 2025;Sunday;March;Mar;3;1;2025
20250317;poniedziałek, 17 marzec 2025;Monday;March;Mar;3;1;2025
20250318;wtorek, 18 marzec 2025;Tuesday;March;Mar;3;1;2025
20250319;środa, 19 marzec 2025;Wednesday;March;Mar;3;1;2025
20250320;czwartek, 20 marzec 2025;Thursday;March;Mar;3;1;2025
20250321;piątek, 21 marzec 2025;Friday;March;Mar;3;1;2025
20250322;sobota, 22 marzec 2025;Saturday;March;Mar;3;1;2025
20250323;niedziela, 23 marzec 2025;Sunday;March;Mar;3;1;2025
20250324;poniedziałek, 24 marzec 2025;Monday;March;Mar;3;1;2025
20250325;wtorek, 25 marzec 2025;Tuesday;March;Mar;3;1;2025
20250326;środa, 26 marzec 2025;Wednesday;March;Mar;3;1;2025
20250327;czwartek, 27 marzec 2025;Thursday;March;Mar;3;1;2025
20250328;piątek, 28 marzec 2025;Friday;March;Mar;3;1;2025
20250329;sobota, 29 marzec 2025;Saturday;March;Mar;3;1;2025
20250330;niedziela, 30 marzec 2025;Sunday;March;Mar;3;1;2025
20250331;poniedziałek, 31 marzec 2025;Monday;March;Mar;3;1;2025
20250401;wtorek, 1 kwiecień 2025;Tuesday;April;Apr;4;2;2025
20250402;środa, 2 kwiecień 2025;Wednesday;April;Apr;4;2;2025
20250403;czwartek, 3 kwiecień 2025;Thursday;April;Apr;4;2;2025
20250404;piątek, 4 kwiecień 2025;Friday;April;Apr;4;2;2025
20250405;sobota, 5 kwiecień 2025;Saturday;April;Apr;4;2;2025
20250406;niedziela, 6 kwiecień 2025;Sunday;April;Apr;4;2;2025
20250407;poniedziałek, 7 kwiecień 2025;Monday;April;Apr;4;2;2025
20250408;wtorek, 8 kwiecień 2025;Tuesday;April;Apr;4;2;2025
20250409;środa, 9 kwiecień 2025;Wednesday;April;Apr;4;2;2025
20250410;czwartek, 10 kwiecień 2025;Thursday;April;Apr;4;2;2025
20250411;piątek, 11 kwiecień 2025;Friday;April;Apr;4;2;2025
20250412;sobota, 12 kwiecień 2025;Saturday;April;Apr;4;2;2025
20250413;niedziela, 13 kwiecień 2025;Sunday;April;Apr;4;2;2025
20250414;poniedziałek, 14 kwiecień 2025;Monday;April;Apr;4;2;2025
20250415;wtorek, 15 kwiecień 2025;Tuesday;April;Apr;4;2;2025
20250416;środa, 16 kwiecień 2025;Wednesday;April;Apr;4;2;2025
20250417;czwartek, 17 kwiecień 2025;Thursday;April;Apr;4;2;2025
20250418;piątek, 18 kwiecień 2025;Friday;April;Apr;4;2;2025
20250419;sobota, 19 kwiecień 2025;Saturday;April;Apr;4;2;2025
20250420;niedziela, 20 kwiecień 2025;Sunday;April;Apr;4;2;2025
20250421;poniedziałek, 21 kwiecień 2025;Monday;April;Apr;4;2;2025
20250422;wtorek, 22 kwiecień 2025;Tuesday;April;Apr;4;2;2025
20250423;środa, 23 kwiecień 2025;Wednesday;April;Apr;4;2;2025
20250424;czwartek, 24 kwiecień 2025;Thursday;April;Apr;4;2;2025
20250425;piątek, 25 kwiecień 2025;Friday;April;Apr;4;2;2025
20250426;sobota, 26 kwiecień 2025;Saturday;April;Apr;4;2;2025
20250427;niedziela, 27 kwiecień 2025;Sunday;April;Apr;4;2;2025
20250428;poniedziałek, 28 kwiecień 2025;Monday;April;Apr;4;2;2025
20250429;wtorek, 29 kwiecień 2025;Tuesday;April;Apr;4;2;2025
20250430;środa, 30 kwiecień 2025;Wednesday;April;Apr;4;2;2025
20250501;czwartek, 1 maj 2025;Thursday;May;May;5;2;2025
20250502;piątek, 2 maj 2025;Friday;May;May;5;2;2025
20250503;sobota, 3 maj 2025;Saturday;May;May;5;2;2025
20250504;niedziela, 4 maj 2025;Sunday;May;May;5;2;2025
20250505;poniedziałek, 5 maj 2025;Monday;May;May;5;2;2025
20250506;wtorek, 6 maj 2025;Tuesday;May;May;5;2;2025
20250507;środa, 7 maj 2025;Wednesday;May;May;5;2;2025
20250508;czwartek, 8 maj 2025;Thursday;May;May;5;2;2025
20250509;piątek, 9 maj 2025;Friday;May;May;5;2;2025
20250510;sobota, 10 maj 2025;Saturday;May;May;5;2;2025
20250511;niedziela, 11 maj 2025;Sunday;May;May;5;2;2025
20250512;poniedziałek, 12 maj 2025;Monday;May;May;5;2;2025
20250513;wtorek, 13 maj 2025;Tuesday;May;May;5;2;2025
20250514;środa, 14 maj 2025;Wednesday;May;May;5;2;2025
20250515;czwartek, 15 maj 2025;Thursday;May;May;5;2;2025
20250516;piątek, 16 maj 2025;Friday;May;May;5;2;2025
20250517;sobota, 17 maj 2025;Saturday;May;May;5;2;2025
20250518;niedziela, 18 maj 2025;Sunday;May;May;5;2;2025
20250519;poniedziałek, 19 maj 2025;Monday;May;May;5;2;2025
20250520;wtorek, 20 maj 2025;Tuesday;May;May;5;2;2025
20250521;środa, 21 maj 2025;Wednesday;May;May;5;2;2025
20250522;czwartek, 22 maj 2025;Thursday;May;May;5;2;2025
20250523;piątek, 23 maj 2025;Friday;May;May;5;2;2025
20250524;sobota, 24 maj 2025;Saturday;May;May;5;2;2025
20250525;niedziela, 25 maj 2025;Sunday;May;May;5;2;2025
20250526;poniedziałek, 26 maj 2025;Monday;May;May;5;2;2025
20250527;wtorek, 27 maj 2025;Tuesday;May;May;5;2;2025
20250528;środa, 28 maj 2025;Wednesday;May;May;5;2;2025
20250529;czwartek, 29 maj 2025;Thursday;May;May;5;2;2025
20250530;piątek, 30 maj 2025;Friday;May;May;5;2;2025
20250531;sobota, 31 maj 2025;Saturday;May;May;5;2;2025
20250601;niedziela, 1 czerwiec 2025;Sunday;June;Jun;6;2;2025
20250602;poniedziałek, 2 czerwiec 2025;Monday;June;Jun;6;2;2025
20250603;wtorek, 3 czerwiec 2025;Tuesday;June;Jun;6;2;2025
20250604;środa, 4 czerwiec 2025;Wednesday;June;Jun;6;2;2025
20250605;czwartek, 5 czerwiec 2025;Thursday;June;Jun;6;2;2025
20250606;piątek, 6 czerwiec 2025;Friday;June;Jun;6;2;2025
20250607;sobota, 7 czerwiec 2025;Saturday;June;Jun;6;2;2025
20250608;niedziela, 8 czerwiec 2025;Sunday;June;Jun;6;2;2025
20250609;poniedziałek, 9 czerwiec 2025;Monday;June;Jun;6;2;2025
20250610;wtorek, 10 czerwiec 2025;Tuesday;June;Jun;6;2;2025
20250611;środa, 11 czerwiec 2025;Wednesday;June;Jun;6;2;2025
20250612;czwartek, 12 czerwiec 2025;Thursday;June;Jun;6;2;2025
20250613;piątek, 13 czerwiec 2025;Friday;June;Jun;6;2;2025
20250614;sobota, 14 czerwiec 2025;Saturday;June;Jun;6;2;2025
20250615;niedziela, 15 czerwiec 2025;Sunday;June;Jun;6;2;2025
20250616;poniedziałek, 16 czerwiec 2025;Monday;June;Jun;6;2;2025
20250617;wtorek, 17 czerwiec 2025;Tuesday;June;Jun;6;2;2025
20250618;środa, 18 czerwiec 2025;Wednesday;June;Jun;6;2;2025
20250619;czwartek, 19 czerwiec 2025;Thursday;June;Jun;6;2;2025
20250620;piątek, 20 czerwiec 2025;Friday;June;Jun;6;2;2025
20250621;sobota, 21 czerwiec 2025;Saturday;June;Jun;6;2;2025
20250622;niedziela, 22 czerwiec 2025;Sunday;June;Jun;6;2;2025
20250623;poniedziałek, 23 czerwiec 2025;Monday;June;Jun;6;2;2025
20250624;wtorek, 24 czerwiec 2025;Tuesday;June;Jun;6;2;2025
20250625;środa, 25 czerwiec 2025;Wednesday;June;Jun;6;2;2025
20250626;czwartek, 26 czerwiec 2025;Thursday;June;Jun;6;2;2025
20250627;piątek, 27 czerwiec 2025;Friday;June;Jun;6;2;2025
20250628;sobota, 28 czerwiec 2025;Saturday;June;Jun;6;2;2025
20250629;niedziela, 29 czerwiec 2025;Sunday;June;Jun;6;2;2025
20250630;poniedziałek, 30 czerwiec 2025;Monday;June;Jun;6;2;2025
20250701;wtorek, 1 lipiec 2025;Tuesday;July;Jul;7;3;2025
20250702;środa, 2 lipiec 2025;Wednesday;July;Jul;7;3;2025
20250703;czwartek, 3 lipiec 2025;Thursday;July;Jul;7;3;2025
20250704;piątek, 4 lipiec 2025;Friday;July;Jul;7;3;2025
20250705;sobota, 5 lipiec 2025;Saturday;July;Jul;7;3;2025
20250706;niedziela, 6 lipiec 2025;Sunday;July;Jul;7;3;2025
20250707;poniedziałek, 7 lipiec 2025;Monday;July;Jul;7;3;2025
20250708;wtorek, 8 lipiec 2025;Tuesday;July;Jul;7;3;2025
20250709;środa, 9 lipiec 2025;Wednesday;July;Jul;7;3;2025
20250710;czwartek, 10 lipiec 2025;Thursday;July;Jul;7;3;2025
20250711;piątek, 11 lipiec 2025;Friday;July;Jul;7;3;2025
20250712;sobota, 12 lipiec 2025;Saturday;July;Jul;7;3;2025
20250713;niedziela, 13 lipiec 2025;Sunday;July;Jul;7;3;2025
20250714;poniedziałek, 14 lipiec 2025;Monday;July;Jul;7;3;2025
20250715;wtorek, 15 lipiec 2025;Tuesday;July;Jul;7;3;2025
20250716;środa, 16 lipiec 2025;Wednesday;July;Jul;7;3;2025
20250717;czwartek, 17 lipiec 2025;Thursday;July;Jul;7;3;2025
20250718;piątek, 18 lipiec 2025;Friday;July;Jul;7;3;2025
20250719;sobota, 19 lipiec 2025;Saturday;July;Jul;7;3;2025
20250720;niedziela, 20 lipiec 2025;Sunday;July;Jul;7;3;2025
20250721;poniedziałek, 21 lipiec 2025;Monday;July;Jul;7;3;2025
20250722;wtorek, 22 lipiec 2025;Tuesday;July;Jul;7;3;2025
20250723;środa, 23 lipiec 2025;Wednesday;July;Jul;7;3;2025
20250724;czwartek, 24 lipiec 2025;Thursday;July;Jul;7;3;2025
20250725;piątek, 25 lipiec 2025;Friday;July;Jul;7;3;2025
20250726;sobota, 26 lipiec 2025;Saturday;July;Jul;7;3;2025
20250727;niedziela, 27 lipiec 2025;Sunday;July;Jul;7;3;2025
20250728;poniedziałek, 28 lipiec 2025;Monday;July;Jul;7;3;2025
20250729;wtorek, 29 lipiec 2025;Tuesday;July;Jul;7;3;2025
20250730;środa, 30 lipiec 2025;Wednesday;July;Jul;7;3;2025
20250731;czwartek, 31 lipiec 2025;Thursday;July;Jul;7;3;2025
20250801;piątek, 1 sierpień 2025;Friday;August;Aug;8;3;2025
20250802;sobota, 2 sierpień 2025;Saturday;August;Aug;8;3;2025
20250803;niedziela, 3 sierpień 2025;Sunday;August;Aug;8;3;2025
20250804;poniedziałek, 4 sierpień 2025;Monday;August;Aug;8;3;2025
20250805;wtorek, 5 sierpień 2025;Tuesday;August;Aug;8;3;2025
20250806;środa, 6 sierpień 2025;Wednesday;August;Aug;8;3;2025
20250807;czwartek, 7 sierpień 2025;Thursday;August;Aug;8;3;2025
20250808;piątek, 8 sierpień 2025;Friday;August;Aug;8;3;2025
20250809;sobota, 9 sierpień 2025;Saturday;August;Aug;8;3;2025
20250810;niedziela, 10 sierpień 2025;Sunday;August;Aug;8;3;2025
20250811;poniedziałek, 11 sierpień 2025;Monday;August;Aug;8;3;2025
20250812;wtorek, 12 sierpień 2025;Tuesday;August;Aug;8;3;2025
20250813;środa, 13 sierpień 2025;Wednesday;August;Aug;8;3;2025
20250814;czwartek, 14 sierpień 2025;Thursday;August;Aug;8;3;2025
20250815;piątek, 15 sierpień 2025;Friday;August;Aug;8;3;2025
20250816;sobota, 16 sierpień 2025;Saturday;August;Aug;8;3;2025
20250817;niedziela, 17 sierpień 2025;Sunday;August;Aug;8;3;2025
20250818;poniedziałek, 18 sierpień 2025;Monday;August;Aug;8;3;2025
20250819;wtorek, 19 sierpień 2025;Tuesday;August;Aug;8;3;2025
20250820;środa, 20 sierpień 2025;Wednesday;August;Aug;8;3;2025
20250821;czwartek, 21 sierpień 2025;Thursday;August;Aug;8;3;2025
20250822;piątek, 22 sierpień 2025;Friday;August;Aug;8;3;2025
20250823;sobota, 23 sierpień 2025;Saturday;August;Aug;8;3;2025
20250824;niedziela, 24 sierpień 2025;Sunday;August;Aug;8;3;2025
20250825;poniedziałek, 25 sierpień 2025;Monday;August;Aug;8;3;2025
20250826;wtorek, 26 sierpień 2025;Tuesday;August;Aug;8;3;2025
20250827;środa, 27 sierpień 2025;Wednesday;August;Aug;8;3;2025
20250828;czwartek, 28 sierpień 2025;Thursday;August;Aug;8;3;2025
20250829;piątek, 29 sierpień 2025;Friday;August;Aug;8;3;2025
20250830;sobota, 30 sierpień 2025;Saturday;August;Aug;8;3;2025
20250831;niedziela, 31 sierpień 2025;Sunday;August;Aug;8;3;2025
20250901;poniedziałek, 1 wrzesień 2025;Monday;September;Sep;9;3;2025
20250902;wtorek, 2 wrzesień 2025;Tuesday;September;Sep;9;3;2025
20250903;środa, 3 wrzesień 2025;Wednesday;September;Sep;9;3;2025
20250904;czwartek, 4 wrzesień 2025;Thursday;September;Sep;9;3;2025
20250905;piątek, 5 wrzesień 2025;Friday;September;Sep;9;3;2025
20250906;sobota, 6 wrzesień 2025;Saturday;September;Sep;9;3;2025
20250907;niedziela, 7 wrzesień 2025;Sunday;September;Sep;9;3;2025
20250908;poniedziałek, 8 wrzesień 2025;Monday;September;Sep;9;3;2025
20250909;wtorek, 9 wrzesień 2025;Tuesday;September;Sep;9;3;2025
20250910;środa, 10 wrzesień 2025;Wednesday;September;Sep;9;3;2025
20250911;czwartek, 11 wrzesień 2025;Thursday;September;Sep;9;3;2025
20250912;piątek, 12 wrzesień 2025;Friday;September;Sep;9;3;2025
20250913;sobota, 13 wrzesień 2025;Saturday;September;Sep;9;3;2025
20250914;niedziela, 14 wrzesień 2025;Sunday;September;Sep;9;3;2025
20250915;poniedziałek, 15 wrzesień 2025;Monday;September;Sep;9;3;2025
20250916;wtorek, 16 wrzesień 2025;Tuesday;September;Sep;9;3;2025
20250917;środa, 17 wrzesień 2025;Wednesday;September;Sep;9;3;2025
20250918;czwartek, 18 wrzesień 2025;Thursday;September;Sep;9;3;2025
20250919;piątek, 19 wrzesień 2025;Friday;September;Sep;9;3;2025
20250920;sobota, 20 wrzesień 2025;Saturday;September;Sep;9;3;2025
20250921;niedziela, 21 wrzesień 2025;Sunday;September;Sep;9;3;2025
20250922;poniedziałek, 22 wrzesień 2025;Monday;September;Sep;9;3;2025
20250923;wtorek, 23 wrzesień 2025;Tuesday;September;Sep;9;3;2025
20250924;środa, 24 wrzesień 2025;Wednesday;September;Sep;9;3;2025
20250925;czwartek, 25 wrzesień 2025;Thursday;September;Sep;9;3;2025
20250926;piątek, 26 wrzesień 2025;Friday;September;Sep;9;3;2025
20250927;sobota, 27 wrzesień 2025;Saturday;September;Sep;9;3;2025
20250928;niedziela, 28 wrzesień 2025;Sunday;September;Sep;9;3;2025
20250929;poniedziałek, 29 wrzesień 2025;Monday;September;Sep;9;3;2025
20250930;wtorek, 30 wrzesień 2025;Tuesday;September;Sep;9;3;2025
20251001;środa, 1 październik 2025;Wednesday;October;Oct;10;4;2025
20251002;czwartek, 2 październik 2025;Thursday;October;Oct;10;4;2025
20251003;piątek, 3 październik 2025;Friday;October;Oct;10;4;2025
20251004;sobota, 4 październik 2025;Saturday;October;Oct;10;4;2025
20251005;niedziela, 5 październik 2025;Sunday;October;Oct;10;4;2025
20251006;poniedziałek, 6 październik 2025;Monday;October;Oct;10;4;2025
20251007;wtorek, 7 październik 2025;Tuesday;October;Oct;10;4;2025
20251008;środa, 8 październik 2025;Wednesday;October;Oct;10;4;2025
20251009;czwartek, 9 październik 2025;Thursday;October;Oct;10;4;2025
20251010;piątek, 10 październik 2025;Friday;October;Oct;10;4;2025
20251011;sobota, 11 październik 2025;Saturday;October;Oct;10;4;2025
20251012;niedziela, 12 październik 2025;Sunday;October;Oct;10;4;2025
20251013;poniedziałek, 13 październik 2025;Monday;October;Oct;10;4;2025
20251014;wtorek, 14 październik 2025;Tuesday;October;Oct;10;4;2025
20251015;środa, 15 październik 2025;Wednesday;October;Oct;10;4;2025
20251016;czwartek, 16 październik 2025;Thursday;October;Oct;10;4;2025
20251017;piątek, 17 październik 2025;Friday;October;Oct;10;4;2025
20251018;sobota, 18 październik 2025;Saturday;October;Oct;10;4;2025
20251019;niedziela, 19 październik 2025;Sunday;October;Oct;10;4;2025
20251020;poniedziałek, 20 październik 2025;Monday;October;Oct;10;4;2025
20251021;wtorek, 21 październik 2025;Tuesday;October;Oct;10;4;2025
20251022;środa, 22 październik 2025;Wednesday;October;Oct;10;4;2025
20251023;czwartek, 23 październik 2025;Thursday;October;Oct;10;4;2025
20251024;piątek, 24 październik 2025;Friday;October;Oct;10;4;2025
20251025;sobota, 25 październik 2025;Saturday;October;Oct;10;4;2025
20251026;niedziela, 26 październik 2025;Sunday;October;Oct;10;4;2025
20251027;poniedziałek, 27 październik 2025;Monday;October;Oct;10;4;2025
20251028;wtorek, 28 październik 2025;Tuesday;October;Oct;10;4;2025
20251029;środa, 29 październik 2025;Wednesday;October;Oct;10;4;2025
20251030;czwartek, 30 październik 2025;Thursday;October;Oct;10;4;2025
20251031;piątek, 31 październik 2025;Friday;October;Oct;10;4;2025
20251101;sobota, 1 listopad 2025;Saturday;November;Nov;11;4;2025
20251102;niedziela, 2 listopad 2025;Sunday;November;Nov;11;4;2025
20251103;poniedziałek, 3 listopad 2025;Monday;November;Nov;11;4;2025
20251104;wtorek, 4 listopad 2025;Tuesday;November;Nov;11;4;2025
20251105;środa, 5 listopad 2025;Wednesday;November;Nov;11;4;2025
20251106;czwartek, 6 listopad 2025;Thursday;November;Nov;11;4;2025
20251107;piątek, 7 listopad 2025;Friday;November;Nov;11;4;2025
20251108;sobota, 8 listopad 2025;Saturday;November;Nov;11;4;2025
20251109;niedziela, 9 listopad 2025;Sunday;November;Nov;11;4;2025
20251110;poniedziałek, 10 listopad 2025;Monday;November;Nov;11;4;2025
20251111;wtorek, 11 listopad 2025;Tuesday;November;Nov;11;4;2025
20251112;środa, 12 listopad 2025;Wednesday;November;Nov;11;4;2025
20251113;czwartek, 13 listopad 2025;Thursday;November;Nov;11;4;2025
20251114;piątek, 14 listopad 2025;Friday;November;Nov;11;4;2025
20251115;sobota, 15 listopad 2025;Saturday;November;Nov;11;4;2025
20251116;niedziela, 16 listopad 2025;Sunday;November;Nov;11;4;2025
20251117;poniedziałek, 17 listopad 2025;Monday;November;Nov;11;4;2025
20251118;wtorek, 18 listopad 2025;Tuesday;November;Nov;11;4;2025
20251119;środa, 19 listopad 2025;Wednesday;November;Nov;11;4;2025
20251120;czwartek, 20 listopad 2025;Thursday;November;Nov;11;4;2025
20251121;piątek, 21 listopad 2025;Friday;November;Nov;11;4;2025
20251122;sobota, 22 listopad 2025;Saturday;November;Nov;11;4;2025
20251123;niedziela, 23 listopad 2025;Sunday;November;Nov;11;4;2025
20251124;poniedziałek, 24 listopad 2025;Monday;November;Nov;11;4;2025
20251125;wtorek, 25 listopad 2025;Tuesday;November;Nov;11;4;2025
20251126;środa, 26 listopad 2025;Wednesday;November;Nov;11;4;2025
20251127;czwartek, 27 listopad 2025;Thursday;November;Nov;11;4;2025
20251128;piątek, 28 listopad 2025;Friday;November;Nov;11;4;2025
20251129;sobota, 29 listopad 2025;Saturday;November;Nov;11;4;2025
20251130;niedziela, 30 listopad 2025;Sunday;November;Nov;11;4;2025
20251201;poniedziałek, 1 grudzień 2025;Monday;December;Dec;12;4;2025
20251202;wtorek, 2 grudzień 2025;Tuesday;December;Dec;12;4;2025
20251203;środa, 3 grudzień 2025;Wednesday;December;Dec;12;4;2025
20251204;czwartek, 4 grudzień 2025;Thursday;December;Dec;12;4;2025
20251205;piątek, 5 grudzień 2025;Friday;December;Dec;12;4;2025
20251206;sobota, 6 grudzień 2025;Saturday;December;Dec;12;4;2025
20251207;niedziela, 7 grudzień 2025;Sunday;December;Dec;12;4;2025
20251208;poniedziałek, 8 grudzień 2025;Monday;December;Dec;12;4;2025
20251209;wtorek, 9 grudzień 2025;Tuesday;December;Dec;12;4;2025
20251210;środa, 10 grudzień 2025;Wednesday;December;Dec;12;4;2025
20251211;czwartek, 11 grudzień 2025;Thursday;December;Dec;12;4;2025
20251212;piątek, 12 grudzień 2025;Friday;December;Dec;12;4;2025
20251213;sobota, 13 grudzień 2025;Saturday;December;Dec;12;4;2025
20251214;niedziela, 14 grudzień 2025;Sunday;December;Dec;12;4;2025
20251215;poniedziałek, 15 grudzień 2025;Monday;December;Dec;12;4;2025
20251216;wtorek, 16 grudzień 2025;Tuesday;December;Dec;12;4;2025
20251217;środa, 17 grudzień 2025;Wednesday;December;Dec;12;4;2025
20251218;czwartek, 18 grudzień 2025;Thursday;December;Dec;12;4;2025
20251219;piątek, 19 grudzień 2025;Friday;December;Dec;12;4;2025
20251220;sobota, 20 grudzień 2025;Saturday;December;Dec;12;4;2025
20251221;niedziela, 21 grudzień 2025;Sunday;December;Dec;12;4;2025
20251222;poniedziałek, 22 grudzień 2025;Monday;December;Dec;12;4;2025
20251223;wtorek, 23 grudzień 2025;Tuesday;December;Dec;12;4;2025
20251224;środa, 24 grudzień 2025;Wednesday;December;Dec;12;4;2025
20251225;czwartek, 25 grudzień 2025;Thursday;December;Dec;12;4;2025
20251226;piątek, 26 grudzień 2025;Friday;December;Dec;12;4;2025
20251227;sobota, 27 grudzień 2025;Saturday;December;Dec;12;4;2025
20251228;niedziela, 28 grudzień 2025;Sunday;December;Dec;12;4;2025
20251229;poniedziałek, 29 grudzień 2025;Monday;December;Dec;12;4;2025
20251230;wtorek, 30 grudzień 2025;Tuesday;December;Dec;12;4;2025
20251231;środa, 31 grudzień 2025;Wednesday;December;Dec;12;4;2025
